{
  "target": "target",
  "encoding": "onehot",
  "imbalance": "smoteenn",
  "tuner": "optuna",
  "preprocess": {
    "type": "onehot",
    "column_transformer": true
  },
  "results": {
    "logreg": {
      "accuracy": 0.8390243902439024,
      "precision": 0.8157894736842105,
      "recall": 0.8857142857142857,
      "specificity": 0.79,
      "f1": 0.8493150684931506,
      "roc_auc": 0.9183809523809524,
      "model_size_mb": 0.0009,
      "latency_single_median_s": 0.006779,
      "latency_batch_median_s": 4e-05,
      "best_params": {
        "C": 4.706007513664605
      }
    },
    "rf": {
      "accuracy": 0.8682926829268293,
      "precision": 0.8611111111111112,
      "recall": 0.8857142857142857,
      "specificity": 0.85,
      "f1": 0.8732394366197183,
      "roc_auc": 0.9627142857142856,
      "model_size_mb": 3.1239,
      "latency_single_median_s": 5.002131,
      "latency_batch_median_s": 0.024299,
      "best_params": {
        "n_estimators": 425,
        "max_depth": 20
      }
    },
    "xgb": {
      "accuracy": 0.8829268292682927,
      "precision": 0.8785046728971962,
      "recall": 0.8952380952380953,
      "specificity": 0.87,
      "f1": 0.8867924528301887,
      "roc_auc": 0.9438095238095238,
      "model_size_mb": 0.4747,
      "latency_single_median_s": 0.0246,
      "latency_batch_median_s": 0.000425,
      "best_params": {
        "n_estimators": 426,
        "max_depth": 10,
        "learning_rate": 0.06489401671089126,
        "subsample": 0.6719331269140577,
        "colsample_bytree": 0.6030122553146291
      }
    },
    "lgbm": {
      "accuracy": 0.8682926829268293,
      "precision": 0.8611111111111112,
      "recall": 0.8857142857142857,
      "specificity": 0.85,
      "f1": 0.8732394366197183,
      "roc_auc": 0.9564761904761905,
      "model_size_mb": 0.4952,
      "latency_single_median_s": 0.083023,
      "latency_batch_median_s": 0.000737,
      "best_params": {
        "n_estimators": 725,
        "num_leaves": 32,
        "learning_rate": 0.2526878207508456
      }
    },
    "ensemble_soft": {
      "accuracy": 0.8780487804878049,
      "precision": 0.8773584905660378,
      "recall": 0.8857142857142857,
      "specificity": 0.87,
      "f1": 0.8815165876777251,
      "roc_auc": 0.9492380952380952,
      "model_size_mb": 8.2141,
      "latency_single_median_s": 8.358878,
      "latency_batch_median_s": 0.039902,
      "members": [
        "logreg",
        "rf",
        "xgb",
        "lgbm"
      ]
    }
  },
  "xai": {
    "xgb": {
      "mean_abs_shap": [
        1.107292890548706,
        0.9668689966201782,
        1.9751830101013184,
        0.34838759899139404,
        0.4736514389514923,
        0.022393492981791496,
        0.3091476857662201,
        0.7353248000144958,
        0.7791812419891357,
        0.48785698413848877,
        0.44924381375312805,
        1.3596062660217285,
        1.495656132698059
      ]
    },
    "lgbm": {
      "mean_abs_shap": [
        2.645399359351731,
        2.616096971328703,
        5.612268920510357,
        0.8455354959367618,
        1.4443327045556151,
        0.12388104570137168,
        0.5051359683623358,
        2.312976940932002,
        1.686262257498785,
        1.4676026004346416,
        0.7584873526403768,
        3.835925495719694,
        3.768610329294728
      ]
    },
    "rf": {
      "mean_abs_shap": [
        [
          0.053578404697989634,
          0.05357840469798965
        ],
        [
          0.036144574421976036,
          0.03614457442197605
        ],
        [
          0.12982549761056889,
          0.12982549761056864
        ],
        [
          0.013048530547478414,
          0.013048530547478416
        ],
        [
          0.016660304168482232,
          0.01666030416848224
        ],
        [
          0.0032351952085631296,
          0.0032351952085631296
        ],
        [
          0.011038861127140108,
          0.011038861127140105
        ],
        [
          0.06212382806853818,
          0.06212382806853818
        ],
        [
          0.0803764883945626,
          0.08037648839456259
        ],
        [
          0.04748897883434882,
          0.047488978834348786
        ],
        [
          0.029732608458626148,
          0.02973260845862616
        ],
        [
          0.09395720472713809,
          0.09395720472713806
        ],
        [
          0.10600397642981932,
          0.10600397642981924
        ]
      ]
    }
  }
}