{
  "target": "target",
  "encoding": "onehot",
  "imbalance": "smoteenn",
  "tuner": "optuna",
  "preprocess": {
    "type": "onehot",
    "column_transformer": true,
    "scaler": "standard"
  },
  "cv_folds": 10,
  "results": {
    "logreg": {
      "accuracy": 0.8390243902439024,
      "precision": 0.8103448275862069,
      "recall": 0.8952380952380953,
      "specificity": 0.78,
      "f1": 0.8506787330316742,
      "roc_auc": 0.9215238095238096,
      "model_size_mb": 0.2773,
      "latency_single_median_s": 0.007083,
      "latency_batch_median_s": 3.9e-05,
      "best_params": {
        "model__C": 0.10883546518595424
      }
    },
    "rf": {
      "accuracy": 0.8682926829268293,
      "precision": 0.8611111111111112,
      "recall": 0.8857142857142857,
      "specificity": 0.85,
      "f1": 0.8732394366197183,
      "roc_auc": 0.9632380952380952,
      "model_size_mb": 5.2755,
      "latency_single_median_s": 7.312854,
      "latency_batch_median_s": 0.046726,
      "best_params": {
        "model__n_estimators": 678,
        "model__max_depth": 10
      }
    },
    "xgb": {
      "accuracy": 0.8731707317073171,
      "precision": 0.8691588785046729,
      "recall": 0.8857142857142857,
      "specificity": 0.86,
      "f1": 0.8773584905660378,
      "roc_auc": 0.9424761904761905,
      "model_size_mb": 0.6994,
      "latency_single_median_s": 0.030012,
      "latency_batch_median_s": 0.000317,
      "best_params": {
        "model__n_estimators": 479,
        "model__max_depth": 8,
        "model__learning_rate": 0.20000113979793263,
        "model__subsample": 0.9122839886342089,
        "model__colsample_bytree": 0.634042874811587
      }
    },
    "lgbm": {
      "accuracy": 0.8682926829268293,
      "precision": 0.8611111111111112,
      "recall": 0.8857142857142857,
      "specificity": 0.85,
      "f1": 0.8732394366197183,
      "roc_auc": 0.9563809523809522,
      "model_size_mb": 1.6906,
      "latency_single_median_s": 0.078873,
      "latency_batch_median_s": 0.000905,
      "best_params": {
        "model__n_estimators": 443,
        "model__num_leaves": 162,
        "model__learning_rate": 0.04033719679354589
      }
    },
    "ensemble_soft": {
      "accuracy": 0.8780487804878049,
      "precision": 0.8773584905660378,
      "recall": 0.8857142857142857,
      "specificity": 0.87,
      "f1": 0.8815165876777251,
      "roc_auc": 0.9537142857142857,
      "model_size_mb": 13.9678,
      "latency_single_median_s": 10.495623,
      "latency_batch_median_s": 0.064285,
      "members": [
        "xgb",
        "lgbm",
        "rf",
        "logreg"
      ]
    }
  },
  "xai": {
    "logreg": {
      "mean_abs_shap": [
        0.04739604648764242,
        0.09490735311080234,
        0.13215884804811898,
        0.011046208243544438,
        0.011995451335395011,
        0.0,
        0.00893813489194852,
        0.062072587653362835,
        0.07418978997885478,
        0.03696405380992125,
        0.035367041502963985,
        0.07298687597354842,
        0.06294167189676642
      ],
      "feature_names_used": [
        "Вік (age)",
        "Стать (sex)",
        "cp",
        "Тиск у спокої (trestbps)",
        "Холестерин (chol)",
        "Вис. цукор натще (fbs)",
        "restecg",
        "Макс. ЧСС (thalach)",
        "Стенокардія при навантаженні (exang)",
        "ST депресія (oldpeak)"
      ]
    },
    "rf": {
      "mean_abs_shap": [
        0.04897495343435794,
        0.040111737650032536,
        0.1079506491021245,
        0.009262429508201726,
        0.012084327908956078,
        0.0006178745576630844,
        0.006456734288735062,
        0.05190973597306404,
        0.055752990618382674,
        0.04103152727463137,
        0.02660138720830631,
        0.08236158359992532,
        0.09245748823436722
      ],
      "feature_names_used": [
        "Вік (age)",
        "Стать (sex)",
        "cp",
        "Тиск у спокої (trestbps)",
        "Холестерин (chol)",
        "Вис. цукор натще (fbs)",
        "restecg",
        "Макс. ЧСС (thalach)",
        "Стенокардія при навантаженні (exang)",
        "ST депресія (oldpeak)"
      ]
    },
    "xgb": {
      "mean_abs_shap": [
        0.07233823556059513,
        0.07321100547705509,
        0.14582698030219027,
        0.009985036879723633,
        0.022051860829719005,
        0.00014817076568709607,
        0.00843679364258777,
        0.042377151088165206,
        0.04068065038686583,
        0.027354561440207825,
        0.027986566550288163,
        0.09655881724956698,
        0.09784719939333918
      ],
      "feature_names_used": [
        "Вік (age)",
        "Стать (sex)",
        "cp",
        "Тиск у спокої (trestbps)",
        "Холестерин (chol)",
        "Вис. цукор натще (fbs)",
        "restecg",
        "Макс. ЧСС (thalach)",
        "Стенокардія при навантаженні (exang)",
        "ST депресія (oldpeak)"
      ]
    },
    "lgbm": {
      "mean_abs_shap": [
        0.06649664175592307,
        0.08315986368769497,
        0.1468098644154672,
        0.007100322284138727,
        0.029044723417251516,
        0.0012140126243423493,
        0.0046214692458941406,
        0.05213218954786198,
        0.037483499452766224,
        0.0284548567720773,
        0.010597083277466645,
        0.09489883571032663,
        0.07737985810426445
      ],
      "feature_names_used": [
        "Вік (age)",
        "Стать (sex)",
        "cp",
        "Тиск у спокої (trestbps)",
        "Холестерин (chol)",
        "Вис. цукор натще (fbs)",
        "restecg",
        "Макс. ЧСС (thalach)",
        "Стенокардія при навантаженні (exang)",
        "ST депресія (oldpeak)"
      ]
    },
    "ensemble_soft": {
      "mean_abs_shap": [
        0.060944732304663345,
        0.07095693847412833,
        0.1352436235931973,
        0.005488996957714637,
        0.01859089201851012,
        0.0003914870795024067,
        0.007271066456170597,
        0.05293248668904073,
        0.05369233006449284,
        0.03556484729837048,
        0.02830238885238294,
        0.09019709187635236,
        0.08618007642815337
      ],
      "feature_names_used": [
        "Вік (age)",
        "Стать (sex)",
        "cp",
        "Тиск у спокої (trestbps)",
        "Холестерин (chol)",
        "Вис. цукор натще (fbs)",
        "restecg",
        "Макс. ЧСС (thalach)",
        "Стенокардія при навантаженні (exang)",
        "ST депресія (oldpeak)"
      ]
    }
  },
  "feature_names_available": true
}